category_id,category_name,url,status_code,content_type,parseable,priority,notes
1,СОВЕТСКИЕ КОМАНДИРЫ,https://ru.wikipedia.org/wiki/Список_Маршалов_Советского_Союза,200,text/html,requests+bs4,MED,
1,СОВЕТСКИЕ КОМАНДИРЫ,https://en.wikipedia.org/wiki/Marshal_of_the_Soviet_Union,200,text/html,requests+bs4,MED,
1,СОВЕТСКИЕ КОМАНДИРЫ,https://dic.academic.ru/dic.nsf/ruwiki/1633564,200,text/html,requests+bs4,LOW,
1,СОВЕТСКИЕ КОМАНДИРЫ,https://megabook.ru/article/Список%20Маршалов%20Советского%20Союза,404,text/html,dead,LOW,
1,СОВЕТСКИЕ КОМАНДИРЫ,https://ru.wikipedia.org/wiki/Категория:Генералы_армии_(СССР,404,text/html,dead,MED,
1,СОВЕТСКИЕ КОМАНДИРЫ,https://gossluzhba.narod.ru/ranks/vz_ussr_1935_1945.html,200,text/html,requests+bs4,LOW,
1,СОВЕТСКИЕ КОМАНДИРЫ,https://dic.academic.ru/dic.nsf/ruwiki/685517,200,text/html,requests+bs4,LOW,
1,СОВЕТСКИЕ КОМАНДИРЫ,https://m.fishki.net/1935979-komandujuwie-frontami-velikoj-otechestvennoj-vojny.html,200,text/html,requests+bs4,LOW,
1,СОВЕТСКИЕ КОМАНДИРЫ,http://battlefield.ru/library/bookshelf/stats/stat5.html,200,text/html,requests+bs4,LOW,
1,СОВЕТСКИЕ КОМАНДИРЫ,https://rt82.ru/en/security/kurskaya-bitva-sobytiya-kratko-spisok-komanduyushchih-frontami-i-suhoputnymi-armiyami-prinimavshimi-uchastie,200,text/html,requests+bs4,LOW,
1,СОВЕТСКИЕ КОМАНДИРЫ,http://militera.lib.ru/enc/komandarmy/index.html,200,text/html,requests+bs4,HIGH,
1,СОВЕТСКИЕ КОМАНДИРЫ,http://militera.lib.ru/enc/zalessky_ka05/index.html,200,text/html,requests+bs4,HIGH,
1,СОВЕТСКИЕ КОМАНДИРЫ,https://ru.wikipedia.org/wiki/Список_Героев_Советского_Союза,200,text/html,requests+bs4,MED,
1,СОВЕТСКИЕ КОМАНДИРЫ,https://en.wikipedia.org/wiki/Hero_of_the_Soviet_Union,200,text/html,requests+bs4,MED,
1,СОВЕТСКИЕ КОМАНДИРЫ,https://ru.wikipedia.org/wiki/Список_дважды_Героев_Советского_Союза,404,text/html,dead,MED,
1,СОВЕТСКИЕ КОМАНДИРЫ,https://ru.wikipedia.org/wiki/Список_трижды_Героев_Советского_Союза,404,text/html,dead,MED,
1,СОВЕТСКИЕ КОМАНДИРЫ,https://rkka.wiki/index.php/РККА:Сокращения,200,text/html,requests+bs4,LOW,
1,СОВЕТСКИЕ КОМАНДИРЫ,http://rkka.ru/abbr.htm,200,text/html,requests+bs4,HIGH,
1,СОВЕТСКИЕ КОМАНДИРЫ,https://pamyat-naroda.ru,200,text/html,api,HIGH,
1,СОВЕТСКИЕ КОМАНДИРЫ,https://pamyat-naroda.ru/heroes/person-hero123940150/,404,text/html,api,HIGH,
1,СОВЕТСКИЕ КОМАНДИРЫ,https://podvignaroda.ru,200,text/html,api,HIGH,
1,СОВЕТСКИЕ КОМАНДИРЫ,http://www.podvignaroda.ru/?#id=50630110,404,text/html,api,HIGH,

2,НЕМЕЦКИЕ КОМАНДИРЫ,https://ru.wikipedia.org/wiki/Список_генерал-фельдмаршалов_Германии,200,text/html,requests+bs4,MED,
2,НЕМЕЦКИЕ КОМАНДИРЫ,https://en.wikipedia.org/wiki/List_of_German_military_leaders_of_World_War_II,404,text/html,dead,MED,
2,НЕМЕЦКИЕ КОМАНДИРЫ,https://en.wikipedia.org/wiki/List_of_commanders-in-chief_of_the_German_Army,404,text/html,dead,MED,
2,НЕМЕЦКИЕ КОМАНДИРЫ,https://en.wikipedia.org/wiki/Army_Group_Centre,200,text/html,requests+bs4,MED,
2,НЕМЕЦКИЕ КОМАНДИРЫ,https://en.wikipedia.org/wiki/Army_Group_North,200,text/html,requests+bs4,MED,
2,НЕМЕЦКИЕ КОМАНДИРЫ,https://en.wikipedia.org/wiki/Army_Group_South,200,text/html,requests+bs4,MED,
2,НЕМЕЦКИЕ КОМАНДИРЫ,https://en.wikipedia.org/wiki/List_of_Waffen-SS_division_commanders,200,text/html,requests+bs4,MED,
2,НЕМЕЦКИЕ КОМАНДИРЫ,https://en.wikipedia.org/wiki/List_of_Luftwaffe_units_(1933–45,404,text/html,dead,MED,
2,НЕМЕЦКИЕ КОМАНДИРЫ,https://en.wikipedia.org/wiki/List_of_admirals_of_the_Kriegsmarine,404,text/html,dead,MED,
2,НЕМЕЦКИЕ КОМАНДИРЫ,https://en.wikipedia.org/wiki/List_of_Knight%27s_Cross_of_the_Iron_Cross_recipients,200,text/html,requests+bs4,MED,
2,НЕМЕЦКИЕ КОМАНДИРЫ,https://en.wikipedia.org/wiki/List_of_Knight%27s_Cross_of_the_Iron_Cross_recipients_with_Oak_Leaves,404,text/html,dead,MED,
2,НЕМЕЦКИЕ КОМАНДИРЫ,https://en.wikipedia.org/wiki/Nomenclature_used_by_the_Wehrmacht_and_Waffen-SS,200,text/html,requests+bs4,MED,

3,СОВЕТСКАЯ ТЕХНИКА,https://en.wikipedia.org/wiki/List_of_Soviet_Union_military_equipment_of_World_War_II,200,text/html,requests+bs4,MED,
3,СОВЕТСКАЯ ТЕХНИКА,https://ru.wikipedia.org/wiki/Категория:Военная_техника_СССР_в_годы_Второй_мировой_войны,404,text/html,dead,MED,
3,СОВЕТСКАЯ ТЕХНИКА,https://en.wikipedia.org/wiki/Category:World_War_II_tanks_of_the_Soviet_Union,200,text/html,requests+bs4,MED,
3,СОВЕТСКАЯ ТЕХНИКА,https://en.wikipedia.org/wiki/Category:World_War_II_artillery_of_the_Soviet_Union,200,text/html,requests+bs4,MED,
3,СОВЕТСКАЯ ТЕХНИКА,https://en.wikipedia.org/wiki/Category:World_War_II_aircraft_of_the_Soviet_Union,404,text/html,dead,MED,
3,СОВЕТСКАЯ ТЕХНИКА,https://en.wikipedia.org/wiki/Category:World_War_II_naval_ships_of_the_Soviet_Union,200,text/html,requests+bs4,MED,
3,СОВЕТСКАЯ ТЕХНИКА,https://vspomniv.ru/tehnika-sssr/aviacziya-sssr,200,text/html,requests+bs4,LOW,
3,СОВЕТСКАЯ ТЕХНИКА,https://vspomniv.ru/tehnika-sssr/tanki-i-sau,200,text/html,requests+bs4,LOW,
3,СОВЕТСКАЯ ТЕХНИКА,https://en.wikipedia.org/wiki/List_of_Soviet_Navy_ships_in_World_War_II,404,text/html,dead,MED,
3,СОВЕТСКАЯ ТЕХНИКА,https://en.wikipedia.org/wiki/List_of_motor_vehicles_of_the_Soviet_Union,404,text/html,dead,MED,

3Б,"ФОРМА, ОБМУНДИРОВАНИЕ, ЗНАКИ РАЗЛИЧИЯ",https://ru.wikipedia.org/wiki/Военная_форма_РККА_(1936–1945,404,text/html,dead,MED,
3Б,"ФОРМА, ОБМУНДИРОВАНИЕ, ЗНАКИ РАЗЛИЧИЯ",https://ru.wikipedia.org/wiki/Воинские_звания_и_знаки_различия_РККА_1940–1943,404,text/html,dead,MED,
3Б,"ФОРМА, ОБМУНДИРОВАНИЕ, ЗНАКИ РАЗЛИЧИЯ",https://ru.wikipedia.org/wiki/Воинские_категории_и_знаки_различия_РККА_1918–1935,404,text/html,dead,MED,
3Б,"ФОРМА, ОБМУНДИРОВАНИЕ, ЗНАКИ РАЗЛИЧИЯ",https://gossluzhba.narod.ru/ranks/vz_ussr_1935_1945.html,200,text/html,requests+bs4,LOW,
3Б,"ФОРМА, ОБМУНДИРОВАНИЕ, ЗНАКИ РАЗЛИЧИЯ",http://forma-odezhda.com,200,text/html,requests+bs4,LOW,
3Б,"ФОРМА, ОБМУНДИРОВАНИЕ, ЗНАКИ РАЗЛИЧИЯ",http://uniforma-army.ru,200,text/html,requests+bs4,LOW,
3Б,"ФОРМА, ОБМУНДИРОВАНИЕ, ЗНАКИ РАЗЛИЧИЯ",http://vetrabotnik.narod.ru/Modelizm/Texts/Uniform/Un001.htm,200,text/html,requests+bs4,LOW,
3Б,"ФОРМА, ОБМУНДИРОВАНИЕ, ЗНАКИ РАЗЛИЧИЯ",http://feldwebel.ru,200,text/html,requests+bs4,LOW,
3Б,"ФОРМА, ОБМУНДИРОВАНИЕ, ЗНАКИ РАЗЛИЧИЯ",https://ru.wikipedia.org/wiki/Военная_форма_вермахта,404,text/html,dead,MED,
3Б,"ФОРМА, ОБМУНДИРОВАНИЕ, ЗНАКИ РАЗЛИЧИЯ",https://en.wikipedia.org/wiki/Waffen-SS_ranks,404,text/html,dead,MED,
3Б,"ФОРМА, ОБМУНДИРОВАНИЕ, ЗНАКИ РАЗЛИЧИЯ",https://en.wikipedia.org/wiki/Uniforms_and_insignia_of_the_Waffen-SS,404,text/html,dead,MED,
3Б,"ФОРМА, ОБМУНДИРОВАНИЕ, ЗНАКИ РАЗЛИЧИЯ",https://en.wikipedia.org/wiki/Uniforms_and_insignia_of_the_Luftwaffe,200,text/html,requests+bs4,MED,
3Б,"ФОРМА, ОБМУНДИРОВАНИЕ, ЗНАКИ РАЗЛИЧИЯ",https://en.wikipedia.org/wiki/Uniforms_and_insignia_of_the_Kriegsmarine,200,text/html,requests+bs4,MED,
3Б,"ФОРМА, ОБМУНДИРОВАНИЕ, ЗНАКИ РАЗЛИЧИЯ",https://ushmm.org/m/pdfs/ITS-glossary-terms-abbreviations.pdf,200,application/pdf,pymupdf,LOW,

4,НЕМЕЦКАЯ ТЕХНИКА,https://en.wikipedia.org/wiki/List_of_German_military_equipment_of_World_War_II,200,text/html,requests+bs4,MED,
4,НЕМЕЦКАЯ ТЕХНИКА,https://ru.wikipedia.org/wiki/Военная_техника_Германии_периода_Второй_мировой_войны,200,text/html,requests+bs4,MED,
4,НЕМЕЦКАЯ ТЕХНИКА,https://en.wikipedia.org/wiki/List_of_World_War_II_firearms_of_Germany,200,text/html,requests+bs4,MED,
4,НЕМЕЦКАЯ ТЕХНИКА,https://en.wikipedia.org/wiki/Category:World_War_II_tanks_of_Germany,200,text/html,requests+bs4,MED,
4,НЕМЕЦКАЯ ТЕХНИКА,https://en.wikipedia.org/wiki/Category:World_War_II_self-propelled_artillery_of_Germany,200,text/html,requests+bs4,MED,
4,НЕМЕЦКАЯ ТЕХНИКА,https://en.wikipedia.org/wiki/Category:World_War_II_artillery_of_Germany,200,text/html,requests+bs4,MED,
4,НЕМЕЦКАЯ ТЕХНИКА,https://en.wikipedia.org/wiki/Category:World_War_II_aircraft_of_Germany,404,text/html,dead,MED,
4,НЕМЕЦКАЯ ТЕХНИКА,https://en.wikipedia.org/wiki/Category:World_War_II_naval_ships_of_Germany,200,text/html,requests+bs4,MED,

5,ОПЕРАЦИИ И СРАЖЕНИЯ,http://rkka.ru/oper.htm,200,text/html,requests+bs4,HIGH,
5,ОПЕРАЦИИ И СРАЖЕНИЯ,https://pamyat-naroda.ru/ops,,,api,HIGH,error: RetryError[<Future at 0x23f8f471f00 state=finished raised Co
5,ОПЕРАЦИИ И СРАЖЕНИЯ,http://militera.lib.ru/enc/enc_vov1985/spravochnik.html,404,text/html,dead,HIGH,
5,ОПЕРАЦИИ И СРАЖЕНИЯ,https://ru.wikipedia.org/wiki/Список_крупнейших_танковых_сражений_Второй_мировой_войны,404,text/html,dead,MED,
5,ОПЕРАЦИИ И СРАЖЕНИЯ,https://warspot.ru/categories/2-operatsii,,,dead,LOW,error: RetryError[<Future at 0x23f8f470cd0 state=finished raised Co

6,ВОИНСКИЕ ФОРМИРОВАНИЯ,http://army.armor.photos/hist/front-rkka.php,200,text/html,requests+bs4,LOW,
6,ВОИНСКИЕ ФОРМИРОВАНИЯ,http://rkka.ru/hist/f.htm,200,text/html,requests+bs4,HIGH,
6,ВОИНСКИЕ ФОРМИРОВАНИЯ,http://rkka.ru/hist/a.htm,200,text/html,requests+bs4,HIGH,
6,ВОИНСКИЕ ФОРМИРОВАНИЯ,http://rkka.ru/guard.htm,200,text/html,requests+bs4,HIGH,
6,ВОИНСКИЕ ФОРМИРОВАНИЯ,https://en.wikipedia.org/wiki/List_of_Soviet_Army_units_and_formations_1941–1945,404,text/html,dead,MED,
6,ВОИНСКИЕ ФОРМИРОВАНИЯ,https://en.wikipedia.org/wiki/Army_groups_of_the_German_Army,404,text/html,dead,MED,
6,ВОИНСКИЕ ФОРМИРОВАНИЯ,https://en.wikipedia.org/wiki/List_of_Waffen-SS_divisions,200,text/html,requests+bs4,MED,
6,ВОИНСКИЕ ФОРМИРОВАНИЯ,https://en.wikipedia.org/wiki/Fallschirmjäger,200,text/html,requests+bs4,MED,
6,ВОИНСКИЕ ФОРМИРОВАНИЯ,https://en.wikipedia.org/wiki/Volkssturm,200,text/html,requests+bs4,MED,

7,ТОПОНИМЫ,https://ru.wikipedia.org/wiki/Категория:Сражения_и_операции_Великой_Отечественной_войны,404,text/html,dead,MED,
7,ТОПОНИМЫ,https://en.wikipedia.org/wiki/Eastern_Front_World_War_II,404,text/html,dead,MED,
7,ТОПОНИМЫ,https://volgohist.livejournal.com,200,text/html,requests+bs4,LOW,
7,ТОПОНИМЫ,http://waralbum.ru,200,text/html,requests+bs4,LOW,
7,ТОПОНИМЫ,https://ru.wikipedia.org/wiki/Приграничное_сражение_в_Литве_и_Латвии,200,text/html,requests+bs4,MED,
7,ТОПОНИМЫ,https://ru.wikipedia.org/wiki/Расейняйское_сражение,200,text/html,requests+bs4,MED,
7,ТОПОНИМЫ,https://ru.wikipedia.org/wiki/3-я_армия_(СССР),200,text/html,requests+bs4,MED,
7,ТОПОНИМЫ,https://ru.wikipedia.org/wiki/13-я_армия_(СССР),200,text/html,requests+bs4,MED,
7,ТОПОНИМЫ,https://ru.wikipedia.org/wiki/Лепельский_контрудар,200,text/html,requests+bs4,MED,
7,ТОПОНИМЫ,https://ru.wikipedia.org/wiki/5-я_армия_(1-го_формирования),200,text/html,requests+bs4,MED,
7,ТОПОНИМЫ,https://ru.wikipedia.org/wiki/Львовско-Луцкая_оборонительная_операция,200,text/html,requests+bs4,MED,
7,ТОПОНИМЫ,https://ru.wikipedia.org/wiki/12-я_армия_(СССР),200,text/html,requests+bs4,MED,
7,ТОПОНИМЫ,https://ru.wikipedia.org/wiki/Стратегическая_оборонительная_операция_в_Заполярье_и_Карелии#Операция_на_мурманском_направлении,200,text/html,requests+bs4,MED,
7,ТОПОНИМЫ,https://ru.wikipedia.org/wiki/Стратегическая_оборонительная_операция_в_Заполярье_и_Карелии#Операция_на_кандалакшском_направлении,200,text/html,requests+bs4,MED,
7,ТОПОНИМЫ,https://ru.wikipedia.org/wiki/Стратегическая_оборонительная_операция_в_Заполярье_и_Карелии#Операция_на_кестеньгском_направлении,200,text/html,requests+bs4,MED,
7,ТОПОНИМЫ,https://ru.wikipedia.org/wiki/Выборгско-Кексгольмская_оборонительная_операция,200,text/html,requests+bs4,MED,
7,ТОПОНИМЫ,https://ru.wikipedia.org/wiki/Стратегическая_оборонительная_операция_в_Заполярье_и_Карелии#Операция_на_ухтинском_направлении,200,text/html,requests+bs4,MED,
7,ТОПОНИМЫ,https://ru.wikipedia.org/wiki/Стратегическая_оборонительная_операция_в_Заполярье_и_Карелии#Операция_на_ругозерском_направлении,200,text/html,requests+bs4,MED,
7,ТОПОНИМЫ,https://ru.wikipedia.org/wiki/Стратегическая_оборонительная_операция_в_Заполярье_и_Карелии#Операция_на_петрозаводском_и_олонецком_направлениях,200,text/html,requests+bs4,MED,
7,ТОПОНИМЫ,https://ru.wikipedia.org/wiki/6-я_армия_(СССР),200,text/html,requests+bs4,MED,
7,ТОПОНИМЫ,https://ru.wikipedia.org/wiki/Уманская_оборонительная_операция,200,text/html,requests+bs4,MED,
7,ТОПОНИМЫ,https://ru.wikipedia.org/wiki/Таллинская_оборонительная_операция,200,text/html,requests+bs4,MED,
7,ТОПОНИМЫ,https://ru.wikipedia.org/wiki/Кингисеппско-Лужская_оборонительная_операция,200,text/html,requests+bs4,MED,
7,ТОПОНИМЫ,https://ru.wikipedia.org/wiki/Контрудар_под_Сольцами,200,text/html,requests+bs4,MED,
7,ТОПОНИМЫ,https://ru.wikipedia.org/wiki/Контрудар_под_Старой_Руссой,200,text/html,requests+bs4,MED,
7,ТОПОНИМЫ,https://ru.wikipedia.org/wiki/Демянская_оборонительная_операция,200,text/html,requests+bs4,MED,
7,ТОПОНИМЫ,https://ru.wikipedia.org/wiki/4-я_армия_(СССР),200,text/html,requests+bs4,MED,
7,ТОПОНИМЫ,https://ru.wikipedia.org/wiki/16-я_армия_(СССР),200,text/html,requests+bs4,MED,
7,ТОПОНИМЫ,https://ru.wikipedia.org/wiki/Ельнинская_наступательная_операция,200,text/html,requests+bs4,MED,
7,ТОПОНИМЫ,https://ru.wikipedia.org/wiki/Рославльско-Новозыбковская_наступательная_операция,200,text/html,requests+bs4,MED,
7,ТОПОНИМЫ,https://ru.wikipedia.org/wiki/Донбасская_оборонительная_операция,200,text/html,requests+bs4,MED,
7,ТОПОНИМЫ,https://ru.wikipedia.org/wiki/Ростовская_оборонительная_операция,200,text/html,requests+bs4,MED,
7,ТОПОНИМЫ,https://ru.wikipedia.org/wiki/Орловско-Брянская_оборонительная_операция,200,text/html,requests+bs4,MED,
7,ТОПОНИМЫ,https://ru.wikipedia.org/wiki/Вяземская_оборонительная_операция,200,text/html,requests+bs4,MED,
7,ТОПОНИМЫ,https://ru.wikipedia.org/wiki/Можайско-Малоярославецкая_оборонительная_операция,200,text/html,requests+bs4,MED,
7,ТОПОНИМЫ,https://ru.wikipedia.org/wiki/Калининская_оборонительная_операция,200,text/html,requests+bs4,MED,
7,ТОПОНИМЫ,https://ru.wikipedia.org/wiki/Тульская_оборонительная_операция,200,text/html,requests+bs4,MED,
7,ТОПОНИМЫ,https://ru.wikipedia.org/wiki/Клинско-Солнечногорская_оборонительная_операция,200,text/html,requests+bs4,MED,
7,ТОПОНИМЫ,https://ru.wikipedia.org/wiki/Наро-Фоминская_оборонительная_операция,200,text/html,requests+bs4,MED,
7,ТОПОНИМЫ,https://ru.wikipedia.org/wiki/Тихвинско-Киришская_наступательная_операция,200,text/html,requests+bs4,MED,
7,ТОПОНИМЫ,https://ru.wikipedia.org/wiki/Мало-Вишерская_наступательная_операция,200,text/html,requests+bs4,MED,
7,ТОПОНИМЫ,https://ru.wikipedia.org/wiki/9-я_армия_(СССР),200,text/html,requests+bs4,MED,
7,ТОПОНИМЫ,https://ru.wikipedia.org/wiki/Калининская_наступательная_операция,200,text/html,requests+bs4,MED,
7,ТОПОНИМЫ,https://ru.wikipedia.org/wiki/Клинско-Солнечногорская_наступательная_операция,200,text/html,requests+bs4,MED,
7,ТОПОНИМЫ,https://ru.wikipedia.org/wiki/Елецкая_операция,200,text/html,requests+bs4,MED,
7,ТОПОНИМЫ,https://ru.wikipedia.org/wiki/Тульская_наступательная_операция,200,text/html,requests+bs4,MED,
7,ТОПОНИМЫ,https://ru.wikipedia.org/wiki/Калужская_наступательная_операция,200,text/html,requests+bs4,MED,
7,ТОПОНИМЫ,https://ru.wikipedia.org/wiki/Битва_за_Москву#Наро-Фоминско-Боровская_операция,200,text/html,requests+bs4,MED,
7,ТОПОНИМЫ,https://ru.wikipedia.org/wiki/Керченская_десантная_операция,200,text/html,requests+bs4,MED,
7,ТОПОНИМЫ,https://ru.wikipedia.org/wiki/Феодосийская_десантная_операция,200,text/html,requests+bs4,MED,
7,ТОПОНИМЫ,https://ru.wikipedia.org/wiki/Оборонительная_операция_в_Молдавии,200,text/html,requests+bs4,MED,
7,ТОПОНИМЫ,https://ru.wikipedia.org/wiki/Оборона_Одессы,200,text/html,requests+bs4,MED,
7,ТОПОНИМЫ,https://ru.wikipedia.org/wiki/Тирасполь-Мелитопольская_оборонительная_операция,200,text/html,requests+bs4,MED,
7,ТОПОНИМЫ,https://ru.wikipedia.org/wiki/Иранская_операция,200,text/html,requests+bs4,MED,
7,ТОПОНИМЫ,https://ru.wikipedia.org/wiki/Синявинская_наступательная_операция_(1941),200,text/html,requests+bs4,MED,
7,ТОПОНИМЫ,https://ru.wikipedia.org/wiki/Сумско-Харьковская_оборонительная_операция,200,text/html,requests+bs4,MED,
7,ТОПОНИМЫ,https://ru.wikipedia.org/wiki/Тихвинская_оборонительная_операция,200,text/html,requests+bs4,MED,
7,ТОПОНИМЫ,https://ru.wikipedia.org/wiki/Крымская_оборонительная_операция,200,text/html,requests+bs4,MED,
7,ТОПОНИМЫ,https://ru.wikipedia.org/wiki/Оборона_Севастополя_(1941—1942),200,text/html,requests+bs4,MED,
7,ТОПОНИМЫ,https://ru.wikipedia.org/wiki/Сычёвско-Вяземская_наступательная_операция,200,text/html,requests+bs4,MED,
7,ТОПОНИМЫ,https://ru.wikipedia.org/wiki/1-я_ударная_армия,200,text/html,requests+bs4,MED,
7,ТОПОНИМЫ,https://ru.wikipedia.org/wiki/Вяземская_воздушно-десантная_операция,200,text/html,requests+bs4,MED,
7,ТОПОНИМЫ,https://ru.wikipedia.org/wiki/Ржевская_наступательная_операция,200,text/html,requests+bs4,MED,
7,ТОПОНИМЫ,https://ru.wikipedia.org/wiki/21-я_армия_(СССР),200,text/html,requests+bs4,MED,
7,ТОПОНИМЫ,https://ru.wikipedia.org/wiki/Оборонительное_сражение_на_ближних_подступах_к_Сталинграду_и_в_городе,200,text/html,requests+bs4,MED,
7,ТОПОНИМЫ,https://ru.wikipedia.org/wiki/Армавиро-Майкопская_операция,200,text/html,requests+bs4,MED,
7,ТОПОНИМЫ,https://ru.wikipedia.org/wiki/Новороссийская_оборонительная_операция,200,text/html,requests+bs4,MED,
7,ТОПОНИМЫ,https://ru.wikipedia.org/wiki/Моздок-Малгобекская_оборонительная_операция,200,text/html,requests+bs4,MED,
7,ТОПОНИМЫ,https://ru.wikipedia.org/wiki/Туапсинская_оборонительная_операция,200,text/html,requests+bs4,MED,
7,ТОПОНИМЫ,https://ru.wikipedia.org/wiki/Нальчикско-Орджоникидзевская_операция,200,text/html,requests+bs4,MED,
7,ТОПОНИМЫ,https://ru.wikipedia.org/wiki/Операция_«Уран»,200,text/html,requests+bs4,MED,
7,ТОПОНИМЫ,https://ru.wikipedia.org/wiki/Котельниковская_наступательная_операция,200,text/html,requests+bs4,MED,
7,ТОПОНИМЫ,https://ru.wikipedia.org/wiki/Среднедонская_наступательная_операция,200,text/html,requests+bs4,MED,
7,ТОПОНИМЫ,https://ru.wikipedia.org/wiki/Операция_«Кольцо»_(1943),200,text/html,requests+bs4,MED,
7,ТОПОНИМЫ,https://ru.wikipedia.org/wiki/Курско-Обоянская_операция,200,text/html,requests+bs4,MED,
7,ТОПОНИМЫ,https://ru.wikipedia.org/wiki/Любанская_наступательная_операция,200,text/html,requests+bs4,MED,
7,ТОПОНИМЫ,https://ru.wikipedia.org/wiki/Демянская_наступательная_операция_(1942),200,text/html,requests+bs4,MED,
7,ТОПОНИМЫ,https://ru.wikipedia.org/wiki/Болховская_наступательная_операция,200,text/html,requests+bs4,MED,
7,ТОПОНИМЫ,https://ru.wikipedia.org/wiki/Торопецко-Холмская_наступательная_операция,200,text/html,requests+bs4,MED,
7,ТОПОНИМЫ,https://ru.wikipedia.org/wiki/Боевые_действия_на_Керченском_полуострове,200,text/html,requests+bs4,MED,
7,ТОПОНИМЫ,https://ru.wikipedia.org/wiki/Барвенково-Лозовская_наступательная_операция,200,text/html,requests+bs4,MED,
7,ТОПОНИМЫ,https://ru.wikipedia.org/wiki/Керченская_оборонительная_операция,200,text/html,requests+bs4,MED,
7,ТОПОНИМЫ,https://ru.wikipedia.org/wiki/Харьковская_операция_(1942),200,text/html,requests+bs4,MED,
7,ТОПОНИМЫ,https://ru.wikipedia.org/wiki/Операция_по_выводу_из_окружения_2-й_ударной_армии,200,text/html,requests+bs4,MED,
7,ТОПОНИМЫ,https://ru.wikipedia.org/wiki/Оборонительная_операция_в_районе_города_Белый,200,text/html,requests+bs4,MED,
7,ТОПОНИМЫ,https://ru.wikipedia.org/wiki/Ржевско-Сычёвская_наступательная_операция,200,text/html,requests+bs4,MED,
7,ТОПОНИМЫ,https://ru.wikipedia.org/wiki/Синявинская_наступательная_операция,200,text/html,requests+bs4,MED,
7,ТОПОНИМЫ,https://ru.wikipedia.org/wiki/Контрудар_войск_Западного_фронта_в_районе_Сухиничи,_Козельск,200,text/html,requests+bs4,MED,
7,ТОПОНИМЫ,https://ru.wikipedia.org/wiki/Великолукская_наступательная_операция,200,text/html,requests+bs4,MED,
7,ТОПОНИМЫ,https://ru.wikipedia.org/wiki/Вторая_Ржевско-Сычёвская_операция,200,text/html,requests+bs4,MED,
7,ТОПОНИМЫ,https://ru.wikipedia.org/wiki/28-я_армия_(СССР),200,text/html,requests+bs4,MED,
7,ТОПОНИМЫ,https://ru.wikipedia.org/wiki/Новороссийско-Майкопская_наступательная_операция,200,text/html,requests+bs4,MED,
7,ТОПОНИМЫ,https://ru.wikipedia.org/wiki/Операция_по_прорыву_блокады_Ленинграда,200,text/html,requests+bs4,MED,
7,ТОПОНИМЫ,https://ru.wikipedia.org/wiki/Острогожско-Россошанская_наступательная_операция,200,text/html,requests+bs4,MED,
7,ТОПОНИМЫ,https://ru.wikipedia.org/wiki/Воронежско-Касторненская_наступательная_операция,200,text/html,requests+bs4,MED,
7,ТОПОНИМЫ,https://ru.wikipedia.org/wiki/Харьковская_наступательная_операция,200,text/html,requests+bs4,MED,
7,ТОПОНИМЫ,https://ru.wikipedia.org/wiki/Харьковская_оборонительная_операция,200,text/html,requests+bs4,MED,
7,ТОПОНИМЫ,https://ru.wikipedia.org/wiki/Оборонительная_операция_на_Орловско-Курском_направлении,200,text/html,requests+bs4,MED,
7,ТОПОНИМЫ,https://ru.wikipedia.org/wiki/5-я_гвардейская_армия,200,text/html,requests+bs4,MED,
7,ТОПОНИМЫ,https://ru.wikipedia.org/wiki/Болховско-Орловская_наступательная_операция,200,text/html,requests+bs4,MED,
7,ТОПОНИМЫ,https://ru.wikipedia.org/wiki/7-я_гвардейская_армия,200,text/html,requests+bs4,MED,
7,ТОПОНИМЫ,https://ru.wikipedia.org/wiki/Спас-Деменская_наступательная_операция,200,text/html,requests+bs4,MED,
7,ТОПОНИМЫ,https://ru.wikipedia.org/wiki/Ельнинско-Дорогобужская_наступательная_операция,200,text/html,requests+bs4,MED,
7,ТОПОНИМЫ,https://ru.wikipedia.org/wiki/Смоленско-Рославльская_наступательная_операция,200,text/html,requests+bs4,MED,
7,ТОПОНИМЫ,https://ru.wikipedia.org/wiki/Духовщинско-Демидовская_операция,200,text/html,requests+bs4,MED,
7,ТОПОНИМЫ,https://ru.wikipedia.org/wiki/3-я_гвардейская_армия,200,text/html,requests+bs4,MED,
7,ТОПОНИМЫ,https://ru.wikipedia.org/wiki/2-я_гвардейская_армия,200,text/html,requests+bs4,MED,
7,ТОПОНИМЫ,https://ru.wikipedia.org/wiki/Черниговско-Припятская_наступательная_операция,200,text/html,requests+bs4,MED,
7,ТОПОНИМЫ,https://ru.wikipedia.org/wiki/Сумско-Прилукская_наступательная_операция,200,text/html,requests+bs4,MED,
7,ТОПОНИМЫ,https://ru.wikipedia.org/wiki/Полтавско-Кременчугская_наступательная_операция,200,text/html,requests+bs4,MED,
7,ТОПОНИМЫ,https://ru.wikipedia.org/wiki/Новороссийская_десантная_операция,200,text/html,requests+bs4,MED,
7,ТОПОНИМЫ,https://ru.wikipedia.org/wiki/Таманская_наступательная_операция,200,text/html,requests+bs4,MED,
7,ТОПОНИМЫ,https://ru.wikipedia.org/wiki/Мелитопольская_наступательная_операция,200,text/html,requests+bs4,MED,
7,ТОПОНИМЫ,https://ru.wikipedia.org/wiki/Запорожская_наступательная_операция,200,text/html,requests+bs4,MED,
7,ТОПОНИМЫ,https://ru.wikipedia.org/wiki/Пятихатская_наступательная_операция,200,text/html,requests+bs4,MED,
7,ТОПОНИМЫ,https://ru.wikipedia.org/wiki/Знаменская_наступательная_операция,200,text/html,requests+bs4,MED,
7,ТОПОНИМЫ,https://ru.wikipedia.org/wiki/Днепропетровская_наступательная_операция,200,text/html,requests+bs4,MED,
7,ТОПОНИМЫ,https://ru.wikipedia.org/wiki/Киевская_наступательная_операция,200,text/html,requests+bs4,MED,
7,ТОПОНИМЫ,https://ru.wikipedia.org/wiki/Житомирско-Бердичевская_наступательная_операция,200,text/html,requests+bs4,MED,
7,ТОПОНИМЫ,https://ru.wikipedia.org/wiki/Кировоградская_наступательная_операция,200,text/html,requests+bs4,MED,
7,ТОПОНИМЫ,https://ru.wikipedia.org/wiki/Корсунь-Шевченковская_наступательная_операция,200,text/html,requests+bs4,MED,
7,ТОПОНИМЫ,https://ru.wikipedia.org/wiki/Ровно-Луцкая_наступательная_операция,200,text/html,requests+bs4,MED,
7,ТОПОНИМЫ,https://ru.wikipedia.org/wiki/Никопольско-Криворожская_наступательная_операция,200,text/html,requests+bs4,MED,
7,ТОПОНИМЫ,https://ru.wikipedia.org/wiki/Проскуровско-Черновицкая_наступательная_операция,200,text/html,requests+bs4,MED,
7,ТОПОНИМЫ,https://ru.wikipedia.org/wiki/Уманско-Ботошанская_наступательная_операция,200,text/html,requests+bs4,MED,
7,ТОПОНИМЫ,https://ru.wikipedia.org/wiki/Березнеговато-Снигирёвская_наступательная_операция,200,text/html,requests+bs4,MED,
7,ТОПОНИМЫ,https://ru.wikipedia.org/wiki/Полесская_наступательная_операция,200,text/html,requests+bs4,MED,
7,ТОПОНИМЫ,https://ru.wikipedia.org/wiki/Одесская_наступательная_операция,200,text/html,requests+bs4,MED,
7,ТОПОНИМЫ,https://ru.wikipedia.org/wiki/Миллерово-Ворошиловградская_наступательная_операция,200,text/html,requests+bs4,MED,
7,ТОПОНИМЫ,https://ru.wikipedia.org/wiki/Ростовская_операция_(1943),200,text/html,requests+bs4,MED,
7,ТОПОНИМЫ,https://ru.wikipedia.org/wiki/Малоархангельская_операция,200,text/html,requests+bs4,MED,
7,ТОПОНИМЫ,https://ru.wikipedia.org/wiki/Краснодарская_наступательная_операция,200,text/html,requests+bs4,MED,
7,ТОПОНИМЫ,https://ru.wikipedia.org/wiki/Демянская_наступательная_операция_(1943),200,text/html,requests+bs4,MED,
7,ТОПОНИМЫ,https://ru.wikipedia.org/wiki/Боевые_действия_на_севском_направлении,200,text/html,requests+bs4,MED,
7,ТОПОНИМЫ,https://ru.wikipedia.org/wiki/Операция_«Бюффель»,200,text/html,requests+bs4,MED,
7,ТОПОНИМЫ,https://ru.wikipedia.org/wiki/Наступательная_операция_в_районе_Старая_Русса,200,text/html,requests+bs4,MED,
7,ТОПОНИМЫ,https://ru.wikipedia.org/wiki/38-я_армия_(СССР),200,text/html,requests+bs4,MED,
7,ТОПОНИМЫ,https://ru.wikipedia.org/wiki/Изюм-Барвенковская_наступательная_операция,200,text/html,requests+bs4,MED,
7,ТОПОНИМЫ,https://ru.wikipedia.org/wiki/Наступательная_операция_на_реке_Миус,200,text/html,requests+bs4,MED,
7,ТОПОНИМЫ,https://ru.wikipedia.org/wiki/Мгинская_наступательная_операция,200,text/html,requests+bs4,MED,
7,ТОПОНИМЫ,https://ru.wikipedia.org/wiki/Брянская_наступательная_операция,200,text/html,requests+bs4,MED,
7,ТОПОНИМЫ,https://ru.wikipedia.org/wiki/Лютежская_наступательная_операция,200,text/html,requests+bs4,MED,
7,ТОПОНИМЫ,https://ru.wikipedia.org/wiki/Невельская_наступательная_операция,200,text/html,requests+bs4,MED,
7,ТОПОНИМЫ,https://ru.wikipedia.org/wiki/Городокская_операция_(1943),200,text/html,requests+bs4,MED,
7,ТОПОНИМЫ,https://ru.wikipedia.org/wiki/Букринская_наступательная_операция,200,text/html,requests+bs4,MED,
7,ТОПОНИМЫ,https://ru.wikipedia.org/wiki/Оршанская_наступательная_операция,200,text/html,requests+bs4,MED,
7,ТОПОНИМЫ,https://ru.wikipedia.org/wiki/Керченско-Эльтигенская_десантная_операция,200,text/html,requests+bs4,MED,
7,ТОПОНИМЫ,https://ru.wikipedia.org/wiki/Гомельско-Речицкая_наступательная_операция,200,text/html,requests+bs4,MED,
7,ТОПОНИМЫ,https://ru.wikipedia.org/wiki/Киевская_оборонительная_операция_(1943),200,text/html,requests+bs4,MED,
7,ТОПОНИМЫ,https://ru.wikipedia.org/wiki/Преследование_противника_на_новосокольническом_направлении,200,text/html,requests+bs4,MED,
7,ТОПОНИМЫ,https://ru.wikipedia.org/wiki/Красносельско-Ропшинская_наступательная_операция,200,text/html,requests+bs4,MED,
7,ТОПОНИМЫ,https://ru.wikipedia.org/wiki/Новгородско-Лужская_наступательная_операция,200,text/html,requests+bs4,MED,
7,ТОПОНИМЫ,https://ru.wikipedia.org/wiki/Кингисеппско-Гдовская_наступательная_операция,200,text/html,requests+bs4,MED,
7,ТОПОНИМЫ,https://ru.wikipedia.org/wiki/Старорусско-Новоржевская_наступательная_операция,200,text/html,requests+bs4,MED,
7,ТОПОНИМЫ,https://ru.wikipedia.org/wiki/Керченско-Севастопольская_наступательная_операция,200,text/html,requests+bs4,MED,
7,ТОПОНИМЫ,https://ru.wikipedia.org/wiki/Выборгская_наступательная_операция,200,text/html,requests+bs4,MED,
7,ТОПОНИМЫ,https://ru.wikipedia.org/wiki/Свирско-Петрозаводская_наступательная_операция,200,text/html,requests+bs4,MED,
7,ТОПОНИМЫ,https://ru.wikipedia.org/wiki/Витебско-Оршанская_наступательная_операция,200,text/html,requests+bs4,MED,
7,ТОПОНИМЫ,https://ru.wikipedia.org/wiki/Могилёвская_наступательная_операция,200,text/html,requests+bs4,MED,
7,ТОПОНИМЫ,https://ru.wikipedia.org/wiki/Бобруйская_наступательная_операция,200,text/html,requests+bs4,MED,
7,ТОПОНИМЫ,https://ru.wikipedia.org/wiki/Полоцкая_наступательная_операция,200,text/html,requests+bs4,MED,
7,ТОПОНИМЫ,https://ru.wikipedia.org/wiki/Минская_наступательная_операция,200,text/html,requests+bs4,MED,
7,ТОПОНИМЫ,https://ru.wikipedia.org/wiki/Вильнюсская_наступательная_операция,200,text/html,requests+bs4,MED,
7,ТОПОНИМЫ,https://ru.wikipedia.org/wiki/Шяуляйская_наступательная_операция,200,text/html,requests+bs4,MED,
7,ТОПОНИМЫ,https://ru.wikipedia.org/wiki/Белостокская_наступательная_операция,200,text/html,requests+bs4,MED,
7,ТОПОНИМЫ,https://ru.wikipedia.org/wiki/Люблин-Брестская_наступательная_операция,200,text/html,requests+bs4,MED,
7,ТОПОНИМЫ,https://ru.wikipedia.org/wiki/Каунасская_наступательная_операция,200,text/html,requests+bs4,MED,
7,ТОПОНИМЫ,https://ru.wikipedia.org/wiki/Осовецкая_наступательная_операция,200,text/html,requests+bs4,MED,
7,ТОПОНИМЫ,https://ru.wikipedia.org/wiki/Львовская_наступательная_операция,200,text/html,requests+bs4,MED,
7,ТОПОНИМЫ,https://ru.wikipedia.org/wiki/1-я_гвардейская_армия,200,text/html,requests+bs4,MED,
7,ТОПОНИМЫ,https://ru.wikipedia.org/wiki/Сандомирская_наступательная_операция,200,text/html,requests+bs4,MED,
7,ТОПОНИМЫ,https://ru.wikipedia.org/wiki/4-я_гвардейская_армия,200,text/html,requests+bs4,MED,
7,ТОПОНИМЫ,https://ru.wikipedia.org/wiki/5-я_ударная_армия,200,text/html,requests+bs4,MED,
7,ТОПОНИМЫ,https://ru.wikipedia.org/wiki/Карпатско-Дуклинская_наступательная_операция,200,text/html,requests+bs4,MED,
7,ТОПОНИМЫ,https://ru.wikipedia.org/wiki/Карпатско-Ужгородская_операция,200,text/html,requests+bs4,MED,
7,ТОПОНИМЫ,https://ru.wikipedia.org/wiki/Рижская_наступательная_операция,200,text/html,requests+bs4,MED,
7,ТОПОНИМЫ,https://ru.wikipedia.org/wiki/Таллинская_наступательная_операция,200,text/html,requests+bs4,MED,
7,ТОПОНИМЫ,https://ru.wikipedia.org/wiki/Моонзундская_десантная_операция,200,text/html,requests+bs4,MED,
7,ТОПОНИМЫ,https://ru.wikipedia.org/wiki/Мемельская_наступательная_операция,200,text/html,requests+bs4,MED,
7,ТОПОНИМЫ,https://ru.wikipedia.org/wiki/Белградская_наступательная_операция,200,text/html,requests+bs4,MED,
7,ТОПОНИМЫ,https://ru.wikipedia.org/wiki/Петсамо-Киркенесская_наступательная_операция,200,text/html,requests+bs4,MED,
7,ТОПОНИМЫ,https://ru.wikipedia.org/wiki/27-я_армия_(СССР),200,text/html,requests+bs4,MED,
7,ТОПОНИМЫ,https://ru.wikipedia.org/wiki/Штурм_Будапешта,200,text/html,requests+bs4,MED,
7,ТОПОНИМЫ,https://ru.wikipedia.org/wiki/Калинковичско-Мозырская_наступательная_операция,200,text/html,requests+bs4,MED,
7,ТОПОНИМЫ,https://ru.wikipedia.org/wiki/Витебская_наступательная_операция,200,text/html,requests+bs4,MED,
7,ТОПОНИМЫ,https://ru.wikipedia.org/wiki/Рогачевско-Жлобинская_операция,200,text/html,requests+bs4,MED,
7,ТОПОНИМЫ,https://ru.wikipedia.org/wiki/Псковская_наступательная_операция,200,text/html,requests+bs4,MED,
7,ТОПОНИМЫ,https://ru.wikipedia.org/wiki/Режицко-Двинская_наступательная_операция,200,text/html,requests+bs4,MED,
7,ТОПОНИМЫ,https://ru.wikipedia.org/wiki/Псковско-Островская_наступательная_операция,200,text/html,requests+bs4,MED,
7,ТОПОНИМЫ,https://ru.wikipedia.org/wiki/Нарвская_наступательная_операция,200,text/html,requests+bs4,MED,
7,ТОПОНИМЫ,https://ru.wikipedia.org/wiki/Мадонская_наступательная_операция,200,text/html,requests+bs4,MED,
7,ТОПОНИМЫ,https://ru.wikipedia.org/wiki/Тартуская_наступательная_операция,200,text/html,requests+bs4,MED,
7,ТОПОНИМЫ,https://ru.wikipedia.org/wiki/Ломжа-Ружанская_наступательная_операция,200,text/html,requests+bs4,MED,
7,ТОПОНИМЫ,https://ru.wikipedia.org/wiki/Сероцкая_наступательная_операция,200,text/html,requests+bs4,MED,
7,ТОПОНИМЫ,https://ru.wikipedia.org/wiki/Бухарестско-Арадская_наступательная_операция,200,text/html,requests+bs4,MED,
7,ТОПОНИМЫ,https://ru.wikipedia.org/wiki/Преследование_противника_на_кандалакшском_и_кестеньгском_направлениях,200,text/html,requests+bs4,MED,
7,ТОПОНИМЫ,https://ru.wikipedia.org/wiki/Дебреценская_наступательная_операция,200,text/html,requests+bs4,MED,
7,ТОПОНИМЫ,https://ru.wikipedia.org/wiki/Гумбиннен-Гольдапская_наступательная_операция,200,text/html,requests+bs4,MED,
7,ТОПОНИМЫ,https://ru.wikipedia.org/wiki/Апатин-Капошварская_наступательная_операция,200,text/html,requests+bs4,MED,
7,ТОПОНИМЫ,https://ru.wikipedia.org/wiki/Варшавско-Познанская_наступательная_операция,200,text/html,requests+bs4,MED,
7,ТОПОНИМЫ,https://ru.wikipedia.org/wiki/Сандомирско-Силезская_наступательная_операция,200,text/html,requests+bs4,MED,
7,ТОПОНИМЫ,https://ru.wikipedia.org/wiki/Новы-Тарг,200,text/html,requests+bs4,MED,
7,ТОПОНИМЫ,https://ru.wikipedia.org/wiki/Инстербургско-Кёнигсбергская_наступательная_операция,200,text/html,requests+bs4,MED,
7,ТОПОНИМЫ,https://ru.wikipedia.org/wiki/Млавско-Эльбингская_наступательная_операция,200,text/html,requests+bs4,MED,
7,ТОПОНИМЫ,https://ru.wikipedia.org/wiki/Растенбургско-Хейльсбергская_наступательная_операция,200,text/html,requests+bs4,MED,
7,ТОПОНИМЫ,https://ru.wikipedia.org/wiki/Браунсбергская_наступательная_операция,200,text/html,requests+bs4,MED,
7,ТОПОНИМЫ,https://ru.wikipedia.org/wiki/Штурм_Кёнигсберга,200,text/html,requests+bs4,MED,
7,ТОПОНИМЫ,https://ru.wikipedia.org/wiki/Земландская_наступательная_операция,200,text/html,requests+bs4,MED,
7,ТОПОНИМЫ,https://ru.wikipedia.org/wiki/2-я_ударная_армия,200,text/html,requests+bs4,MED,
7,ТОПОНИМЫ,https://ru.wikipedia.org/wiki/Старогард-Гданьский,200,text/html,requests+bs4,MED,
7,ТОПОНИМЫ,https://ru.wikipedia.org/wiki/3-я_ударная_армия,200,text/html,requests+bs4,MED,
7,ТОПОНИМЫ,https://ru.wikipedia.org/wiki/Домбе,200,text/html,requests+bs4,MED,
7,ТОПОНИМЫ,https://ru.wikipedia.org/wiki/46-я_армия_(СССР),200,text/html,requests+bs4,MED,
7,ТОПОНИМЫ,https://ru.wikipedia.org/wiki/Надьканиже-Кёрмендская_наступательная_операция,200,text/html,requests+bs4,MED,
7,ТОПОНИМЫ,https://ru.wikipedia.org/wiki/Штурм_Вены,200,text/html,requests+bs4,MED,
7,ТОПОНИМЫ,https://ru.wikipedia.org/wiki/Штеттинско-Ростокинская_наступательная_операция,200,text/html,requests+bs4,MED,
7,ТОПОНИМЫ,https://ru.wikipedia.org/wiki/Зееловско-Берлинская_наступательная_операция,200,text/html,requests+bs4,MED,
7,ТОПОНИМЫ,https://ru.wikipedia.org/wiki/Котбус-Потсдамская_наступательная_операция,200,text/html,requests+bs4,MED,
7,ТОПОНИМЫ,https://ru.wikipedia.org/wiki/Шпремберг-Торгаусская_наступательная_операция,200,text/html,requests+bs4,MED,
7,ТОПОНИМЫ,https://ru.wikipedia.org/wiki/Дрезденско-Пражская_наступательная_операция,200,text/html,requests+bs4,MED,
7,ТОПОНИМЫ,https://ru.wikipedia.org/wiki/Хингано-Мукденская_наступательная_операция,200,text/html,requests+bs4,MED,
7,ТОПОНИМЫ,https://ru.wikipedia.org/wiki/Харбино-Гиринская_наступательная_операция,200,text/html,requests+bs4,MED,
7,ТОПОНИМЫ,https://ru.wikipedia.org/wiki/Сунгарийская_наступательная_операция,200,text/html,requests+bs4,MED,
7,ТОПОНИМЫ,https://ru.wikipedia.org/wiki/Южно-Сахалинская_наступательная_операция,200,text/html,requests+bs4,MED,
7,ТОПОНИМЫ,https://ru.wikipedia.org/wiki/Курильская_десантная_операция,200,text/html,requests+bs4,MED,
7,ТОПОНИМЫ,https://ru.wikipedia.org/wiki/Наступательная_операция_по_разгрому_группировки_противника_в_районе_Клайпеды,200,text/html,requests+bs4,MED,
7,ТОПОНИМЫ,https://ru.wikipedia.org/wiki/Боевые_действия_по_удержанию_и_расширению_плацдарма_в_районе_Кюстрина,200,text/html,requests+bs4,MED,
7,ТОПОНИМЫ,https://ru.wikipedia.org/wiki/Нижне-Силезская_наступательная_операция,200,text/html,requests+bs4,MED,
7,ТОПОНИМЫ,https://ru.wikipedia.org/wiki/Курляндская_наступательная_операция,200,text/html,requests+bs4,MED,
7,ТОПОНИМЫ,https://ru.wikipedia.org/wiki/Балатонская_оборонительная_операция,200,text/html,requests+bs4,MED,
7,ТОПОНИМЫ,https://ru.wikipedia.org/wiki/Банска-Быстрицкая_наступательная_операция,200,text/html,requests+bs4,MED,
7,ТОПОНИМЫ,https://ru.wikipedia.org/wiki/Моравско-Остравская_наступательная_операция,200,text/html,requests+bs4,MED,
7,ТОПОНИМЫ,https://ru.wikipedia.org/wiki/Верхне-Силезская_наступательная_операция,200,text/html,requests+bs4,MED,
7,ТОПОНИМЫ,https://ru.wikipedia.org/wiki/Братиславско-Брновская_наступательная_операция,200,text/html,requests+bs4,MED,
7,ТОПОНИМЫ,https://ru.wikipedia.org/wiki/Грацско-Амштеттенская_наступательная_операция,200,text/html,requests+bs4,MED,

8,НАГРАДЫ И ЗВАНИЯ,https://ru.wikipedia.org/wiki/Награды_СССР,200,text/html,requests+bs4,MED,
8,НАГРАДЫ И ЗВАНИЯ,https://ru.wikipedia.org/wiki/Категория:Военные_награды_СССР,404,text/html,dead,MED,
8,НАГРАДЫ И ЗВАНИЯ,https://ru.wikipedia.org/wiki/Орден_Победы,200,text/html,requests+bs4,MED,
8,НАГРАДЫ И ЗВАНИЯ,https://ru.wikipedia.org/wiki/Список_Героев_Советского_Союза,200,text/html,requests+bs4,MED,
8,НАГРАДЫ И ЗВАНИЯ,http://rkka.ru/ibibl.htm,200,text/html,requests+bs4,HIGH,
8,НАГРАДЫ И ЗВАНИЯ,https://en.wikipedia.org/wiki/Military_awards_and_decorations_of_Germany#Third_Reich,404,text/html,dead,MED,
8,НАГРАДЫ И ЗВАНИЯ,https://pamyat-naroda.ru,,,api,HIGH,error: RetryError[<Future at 0x23f8f471f90 state=finished raised Co
8,НАГРАДЫ И ЗВАНИЯ,https://podvignaroda.ru,,,api,HIGH,error: RetryError[<Future at 0x23f8f478850 state=finished raised Co

9,СОЮЗНИКИ,https://en.wikipedia.org/wiki/List_of_United_States_Army_commands_in_World_War_II,404,text/html,dead,MED,
9,СОЮЗНИКИ,https://en.wikipedia.org/wiki/List_of_allied_generals_of_World_War_II,404,text/html,dead,MED,
9,СОЮЗНИКИ,https://en.wikipedia.org/wiki/List_of_World_War_II_military_units_of_the_United_Kingdom,404,text/html,dead,MED,
9,СОЮЗНИКИ,https://en.wikipedia.org/wiki/Polish_Armed_Forces_in_the_West,200,text/html,requests+bs4,MED,
9,СОЮЗНИКИ,https://en.wikipedia.org/wiki/Polish_People%27s_Army,200,text/html,requests+bs4,MED,
9,СОЮЗНИКИ,https://en.wikipedia.org/wiki/Yugoslav_Partisans,200,text/html,requests+bs4,MED,
9,СОЮЗНИКИ,https://en.wikipedia.org/wiki/First_French_Army,404,text/html,dead,MED,
9,СОЮЗНИКИ,https://en.wikipedia.org/wiki/Romanian_Armed_Forces_in_World_War_II,404,text/html,dead,MED,
9,СОЮЗНИКИ,https://en.wikipedia.org/wiki/Finland_in_World_War_II,200,text/html,requests+bs4,MED,
9,СОЮЗНИКИ,https://en.wikipedia.org/wiki/Italian_Army_in_Russia,200,text/html,requests+bs4,MED,

10,"ТЫЛ, ПРОМЫШЛЕННОСТЬ, ЛЕНД-ЛИЗ",https://ru.wikipedia.org/wiki/Эвакуация_промышленных_предприятий_в_СССР_(1941,404,text/html,dead,MED,
10,"ТЫЛ, ПРОМЫШЛЕННОСТЬ, ЛЕНД-ЛИЗ",https://ru.wikipedia.org/wiki/Народный_комиссариат_танковой_промышленности_СССР,200,text/html,requests+bs4,MED,
10,"ТЫЛ, ПРОМЫШЛЕННОСТЬ, ЛЕНД-ЛИЗ",https://ru.wikipedia.org/wiki/Народный_комиссариат_авиационной_промышленности_СССР,200,text/html,requests+bs4,MED,
10,"ТЫЛ, ПРОМЫШЛЕННОСТЬ, ЛЕНД-ЛИЗ",https://ru.wikipedia.org/wiki/Народный_комиссариат_вооружения_СССР,200,text/html,requests+bs4,MED,
10,"ТЫЛ, ПРОМЫШЛЕННОСТЬ, ЛЕНД-ЛИЗ",https://ru.wikipedia.org/wiki/Народный_комиссариат_боеприпасов_СССР,200,text/html,requests+bs4,MED,
10,"ТЫЛ, ПРОМЫШЛЕННОСТЬ, ЛЕНД-ЛИЗ",https://en.wikipedia.org/wiki/Lend-Lease,200,text/html,requests+bs4,MED,
10,"ТЫЛ, ПРОМЫШЛЕННОСТЬ, ЛЕНД-ЛИЗ",https://en.wikipedia.org/wiki/List_of_Soviet_Union_Lend-Lease_receipts,404,text/html,dead,MED,
10,"ТЫЛ, ПРОМЫШЛЕННОСТЬ, ЛЕНД-ЛИЗ",https://vspomniv.ru/category/tehnika-sssr/lend-liz,200,text/html,requests+bs4,LOW,
10,"ТЫЛ, ПРОМЫШЛЕННОСТЬ, ЛЕНД-ЛИЗ",https://ru.wikipedia.org/wiki/Категория:Конструкторы_стрелкового_оружия,200,text/html,requests+bs4,MED,
10,"ТЫЛ, ПРОМЫШЛЕННОСТЬ, ЛЕНД-ЛИЗ",https://ru.wikipedia.org/wiki/Категория:Советские_конструкторы_танкового_вооружения_и_техники,404,text/html,dead,MED,

11,СПЕЦСЛУЖБЫ И СТРУКТУРЫ ВЛАСТИ,https://ru.wikipedia.org/wiki/Государственный_комитет_обороны,200,text/html,requests+bs4,MED,
11,СПЕЦСЛУЖБЫ И СТРУКТУРЫ ВЛАСТИ,https://ru.wikipedia.org/wiki/Ставка_Верховного_Главнокомандования,200,text/html,requests+bs4,MED,
11,СПЕЦСЛУЖБЫ И СТРУКТУРЫ ВЛАСТИ,https://ru.wikipedia.org/wiki/Военные_комиссары_в_Красной_Армии,404,text/html,dead,MED,
11,СПЕЦСЛУЖБЫ И СТРУКТУРЫ ВЛАСТИ,https://rosguard.gov.ru/uploads/2019/05/2-tom-razvoroty.pdf,200,application/pdf,pymupdf,LOW,
11,СПЕЦСЛУЖБЫ И СТРУКТУРЫ ВЛАСТИ,https://ru.wikipedia.org/wiki/СМЕРШ,200,text/html,requests+bs4,MED,
11,СПЕЦСЛУЖБЫ И СТРУКТУРЫ ВЛАСТИ,https://ru.wikipedia.org/wiki/Главное_разведывательное_управление,200,text/html,requests+bs4,MED,
11,СПЕЦСЛУЖБЫ И СТРУКТУРЫ ВЛАСТИ,https://ru.wikipedia.org/wiki/Народный_комиссариат_государственной_безопасности_СССР,200,text/html,requests+bs4,MED,
11,СПЕЦСЛУЖБЫ И СТРУКТУРЫ ВЛАСТИ,https://ru.wikipedia.org/wiki/Красная_капелла,200,text/html,requests+bs4,MED,
11,СПЕЦСЛУЖБЫ И СТРУКТУРЫ ВЛАСТИ,https://ru.wikipedia.org/wiki/Партизанское_движение_во_время_Великой_Отечественной_войны,404,text/html,dead,MED,
11,СПЕЦСЛУЖБЫ И СТРУКТУРЫ ВЛАСТИ,https://ru.wikipedia.org/wiki/Приказ_Народного_комиссара_обороны_СССР_№_227,404,text/html,dead,MED,
11,СПЕЦСЛУЖБЫ И СТРУКТУРЫ ВЛАСТИ,https://ru.wikipedia.org/wiki/Штрафные_воинские_подразделения,200,text/html,requests+bs4,MED,

12,ВМФ,https://ru.wikipedia.org/wiki/Речные_военные_флотилии_СССР_во_время_Великой_Отечественной_войны,404,text/html,dead,MED,
12,ВМФ,https://ru.wikipedia.org/wiki/Категория:Морские_десантные_операции_СССР_во_время_Великой_Отечественной_войны,404,text/html,dead,MED,
12,ВМФ,https://en.wikipedia.org/wiki/Arctic_convoys_of_World_War_II,200,text/html,requests+bs4,MED,
12,ВМФ,https://en.wikipedia.org/wiki/Baltic_Fleet_(Soviet_Union,404,text/html,dead,MED,
12,ВМФ,https://en.wikipedia.org/wiki/Black_Sea_Fleet,200,text/html,requests+bs4,MED,
12,ВМФ,https://en.wikipedia.org/wiki/Northern_Fleet,200,text/html,requests+bs4,MED,
12,ВМФ,https://en.wikipedia.org/wiki/List_of_Soviet_submarine_classes,200,text/html,requests+bs4,MED,

13,ВОЕННАЯ МЕДИЦИНА И ТЫЛ,https://ru.wikipedia.org/wiki/Военно-медицинская_служба,200,text/html,requests+bs4,MED,
13,ВОЕННАЯ МЕДИЦИНА И ТЫЛ,https://ru.wikipedia.org/wiki/Главное_военно-санитарное_управление,200,text/html,requests+bs4,MED,
13,ВОЕННАЯ МЕДИЦИНА И ТЫЛ,https://ru.wikipedia.org/wiki/Эвакогоспиталь,200,text/html,requests+bs4,MED,
13,ВОЕННАЯ МЕДИЦИНА И ТЫЛ,https://ru.wikipedia.org/wiki/Военно-полевая_хирургия,200,text/html,requests+bs4,MED,
13,ВОЕННАЯ МЕДИЦИНА И ТЫЛ,https://ru.wikipedia.org/wiki/Санитарный_батальон,200,text/html,requests+bs4,MED,
13,ВОЕННАЯ МЕДИЦИНА И ТЫЛ,https://ru.wikipedia.org/wiki/Полевой_подвижной_госпиталь,200,text/html,requests+bs4,MED,
13,ВОЕННАЯ МЕДИЦИНА И ТЫЛ,http://oodb.ru/elec-res/oren1812/slovar-voen-terminov,200,text/html,requests+bs4,LOW,

14,"СЛОВАРИ, ЭНЦИКЛОПЕДИИ, БАЗЫ ДАННЫХ",https://pamyat-naroda.ru,,,api,HIGH,error: RetryError[<Future at 0x23f8f479840 state=finished raised Co
14,"СЛОВАРИ, ЭНЦИКЛОПЕДИИ, БАЗЫ ДАННЫХ",https://pamyat-naroda.ru/heroes/person-hero$ID/,,,manual,HIGH,template URL — HEAD skipped
14,"СЛОВАРИ, ЭНЦИКЛОПЕДИИ, БАЗЫ ДАННЫХ",https://cdn.pamyat-naroda.ru/tiles/{MAPID}/{Z}/{X}/{Y}.png,,,manual,LOW,template URL — HEAD skipped
14,"СЛОВАРИ, ЭНЦИКЛОПЕДИИ, БАЗЫ ДАННЫХ",https://podvignaroda.ru,,,api,HIGH,error: RetryError[<Future at 0x23f8f47a710 state=finished raised Co
14,"СЛОВАРИ, ЭНЦИКЛОПЕДИИ, БАЗЫ ДАННЫХ",http://www.podvignaroda.ru/?#id=$ID,,,manual,HIGH,template URL — HEAD skipped
14,"СЛОВАРИ, ЭНЦИКЛОПЕДИИ, БАЗЫ ДАННЫХ",https://obd-memorial.ru,,,dead,HIGH,error: RetryError[<Future at 0x23f8f47b6d0 state=finished raised Co
14,"СЛОВАРИ, ЭНЦИКЛОПЕДИИ, БАЗЫ ДАННЫХ",https://obd-memorial.ru/html/info.htm?id=$ID,,,manual,HIGH,template URL — HEAD skipped
14,"СЛОВАРИ, ЭНЦИКЛОПЕДИИ, БАЗЫ ДАННЫХ",https://victory.rusarchives.ru,,,dead,LOW,error: RetryError[<Future at 0x23f8f4e6fb0 state=finished raised SS
14,"СЛОВАРИ, ЭНЦИКЛОПЕДИИ, БАЗЫ ДАННЫХ",http://militera.lib.ru/enc/index.html,200,text/html,requests+bs4,HIGH,
14,"СЛОВАРИ, ЭНЦИКЛОПЕДИИ, БАЗЫ ДАННЫХ",http://militera.lib.ru/enc/enc_vov1985/index.html,200,text/html,requests+bs4,HIGH,
14,"СЛОВАРИ, ЭНЦИКЛОПЕДИИ, БАЗЫ ДАННЫХ",http://militera.lib.ru/enc/zalessky_ka05/index.html,200,text/html,requests+bs4,HIGH,
14,"СЛОВАРИ, ЭНЦИКЛОПЕДИИ, БАЗЫ ДАННЫХ",http://militera.lib.ru/enc/enc1932/index.html,200,text/html,requests+bs4,HIGH,
14,"СЛОВАРИ, ЭНЦИКЛОПЕДИИ, БАЗЫ ДАННЫХ",http://militera.lib.ru/enc/slovari/index.html,200,text/html,requests+bs4,HIGH,
14,"СЛОВАРИ, ЭНЦИКЛОПЕДИИ, БАЗЫ ДАННЫХ",http://militera.lib.ru/enc/voenenc/index.html,404,text/html,dead,HIGH,
14,"СЛОВАРИ, ЭНЦИКЛОПЕДИИ, БАЗЫ ДАННЫХ",http://rkka.ru,200,text/html,requests+bs4,HIGH,
14,"СЛОВАРИ, ЭНЦИКЛОПЕДИИ, БАЗЫ ДАННЫХ",http://rkka.ru/abbr.htm,200,text/html,requests+bs4,HIGH,
14,"СЛОВАРИ, ЭНЦИКЛОПЕДИИ, БАЗЫ ДАННЫХ",https://rkka.wiki/index.php/РККА:Сокращения,200,text/html,requests+bs4,LOW,
14,"СЛОВАРИ, ЭНЦИКЛОПЕДИИ, БАЗЫ ДАННЫХ",https://rkka.wiki/index.php/Заглавная_страница,404,text/html,dead,LOW,
14,"СЛОВАРИ, ЭНЦИКЛОПЕДИИ, БАЗЫ ДАННЫХ",http://allaces.ru,200,text/html,selenium,LOW,
14,"СЛОВАРИ, ЭНЦИКЛОПЕДИИ, БАЗЫ ДАННЫХ",https://iremember.ru,200,text/html,requests+bs4,HIGH,
14,"СЛОВАРИ, ЭНЦИКЛОПЕДИИ, БАЗЫ ДАННЫХ",https://histrf.ru,200,text/html,requests+bs4,MED,
14,"СЛОВАРИ, ЭНЦИКЛОПЕДИИ, БАЗЫ ДАННЫХ",https://warspot.ru,,,dead,LOW,error: RetryError[<Future at 0x23f8f435090 state=finished raised Co
14,"СЛОВАРИ, ЭНЦИКЛОПЕДИИ, БАЗЫ ДАННЫХ",https://prussia.online,200,text/html,requests+bs4,LOW,
14,"СЛОВАРИ, ЭНЦИКЛОПЕДИИ, БАЗЫ ДАННЫХ",http://polk.ru,200,text/html,requests+bs4,LOW,
14,"СЛОВАРИ, ЭНЦИКЛОПЕДИИ, БАЗЫ ДАННЫХ",http://pomnite-nas.ru,200,text/html,requests+bs4,LOW,
14,"СЛОВАРИ, ЭНЦИКЛОПЕДИИ, БАЗЫ ДАННЫХ",https://rf-poisk.ru,200,text/html,requests+bs4,LOW,
14,"СЛОВАРИ, ЭНЦИКЛОПЕДИИ, БАЗЫ ДАННЫХ",https://arolsen-archives.org/ru,200,text/html,requests+bs4,LOW,

15,БЛОГИ И КАНАЛЫ ИСТОРИКОВ,https://t.me/iron_wind,,,manual,LOW,Telegram/manual — HEAD skipped
15,БЛОГИ И КАНАЛЫ ИСТОРИКОВ,https://dr-guillotin.livejournal.com,200,text/html,requests+bs4,LOW,
15,БЛОГИ И КАНАЛЫ ИСТОРИКОВ,https://iremember.ru,200,text/html,requests+bs4,HIGH,
15,БЛОГИ И КАНАЛЫ ИСТОРИКОВ,https://warspot.ru/authors/3-artem-drabkin,,,dead,LOW,error: RetryError[<Future at 0x23f8f4e4b50 state=finished raised Co
15,БЛОГИ И КАНАЛЫ ИСТОРИКОВ,https://warspot.ru/authors,,,dead,LOW,error: RetryError[<Future at 0x23f8f4e4250 state=finished raised Co
15,БЛОГИ И КАНАЛЫ ИСТОРИКОВ,https://histrf.ru/authors,200,text/html,requests+bs4,MED,
15,БЛОГИ И КАНАЛЫ ИСТОРИКОВ,https://prussia.online,200,text/html,requests+bs4,LOW,
15,БЛОГИ И КАНАЛЫ ИСТОРИКОВ,http://militera.lib.ru/memo/german/manstein/index.html,200,text/html,requests+bs4,HIGH,
15,БЛОГИ И КАНАЛЫ ИСТОРИКОВ,http://militera.lib.ru/memo/german/guderian/index.html,200,text/html,requests+bs4,HIGH,
15,БЛОГИ И КАНАЛЫ ИСТОРИКОВ,http://militera.lib.ru/h/tippelskirch/index.html,200,text/html,requests+bs4,HIGH,
15,БЛОГИ И КАНАЛЫ ИСТОРИКОВ,http://militera.lib.ru/h/mellenthin/index.html,200,text/html,requests+bs4,HIGH,
15,БЛОГИ И КАНАЛЫ ИСТОРИКОВ,http://militera.lib.ru/memo/german/rommel/index.html,404,text/html,dead,HIGH,
15,БЛОГИ И КАНАЛЫ ИСТОРИКОВ,https://histrf.ru,200,text/html,requests+bs4,MED,
15,БЛОГИ И КАНАЛЫ ИСТОРИКОВ,https://warspot.ru,,,dead,LOW,error: RetryError[<Future at 0x23f8f4e5390 state=finished raised Co
15,БЛОГИ И КАНАЛЫ ИСТОРИКОВ,https://t.me/RVIORF,,,manual,LOW,Telegram/manual — HEAD skipped
15,БЛОГИ И КАНАЛЫ ИСТОРИКОВ,https://t.me/warhistoryalconafter,,,manual,LOW,Telegram/manual — HEAD skipped
15,БЛОГИ И КАНАЛЫ ИСТОРИКОВ,https://t.me/pozyvnoy_istorik,,,manual,LOW,Telegram/manual — HEAD skipped
15,БЛОГИ И КАНАЛЫ ИСТОРИКОВ,https://milhistory.org,200,text/html,requests+bs4,LOW,
15,БЛОГИ И КАНАЛЫ ИСТОРИКОВ,https://volgohist.livejournal.com,200,text/html,requests+bs4,LOW,

16,ОЦИФРОВАННЫЕ КНИГИ И МЕМУАРЫ С УКАЗАТЕЛЯМИ,http://militera.lib.ru/h/isaev_av6/index.html,404,text/html,dead,HIGH,
16,ОЦИФРОВАННЫЕ КНИГИ И МЕМУАРЫ С УКАЗАТЕЛЯМИ,http://militera.lib.ru/h/isaev_av3/index.html,200,text/html,requests+bs4,HIGH,
16,ОЦИФРОВАННЫЕ КНИГИ И МЕМУАРЫ С УКАЗАТЕЛЯМИ,http://militera.lib.ru/h/isaev_av7/index.html,404,text/html,dead,HIGH,
16,ОЦИФРОВАННЫЕ КНИГИ И МЕМУАРЫ С УКАЗАТЕЛЯМИ,http://militera.lib.ru/h/isaev_av4/index.html,200,text/html,requests+bs4,HIGH,
16,ОЦИФРОВАННЫЕ КНИГИ И МЕМУАРЫ С УКАЗАТЕЛЯМИ,http://militera.lib.ru/h/isaev_av1/index.html,404,text/html,dead,HIGH,
16,ОЦИФРОВАННЫЕ КНИГИ И МЕМУАРЫ С УКАЗАТЕЛЯМИ,http://militera.lib.ru/h/isaev_av5/index.html,200,text/html,requests+bs4,HIGH,
16,ОЦИФРОВАННЫЕ КНИГИ И МЕМУАРЫ С УКАЗАТЕЛЯМИ,http://militera.lib.ru/h/isaev_av2/index.html,404,text/html,dead,HIGH,
16,ОЦИФРОВАННЫЕ КНИГИ И МЕМУАРЫ С УКАЗАТЕЛЯМИ,http://militera.lib.ru/memo/russian/drabkin_av/index.html,404,text/html,dead,HIGH,
16,ОЦИФРОВАННЫЕ КНИГИ И МЕМУАРЫ С УКАЗАТЕЛЯМИ,http://militera.lib.ru/memo/russian/drabkin_av2/index.html,404,text/html,dead,HIGH,
16,ОЦИФРОВАННЫЕ КНИГИ И МЕМУАРЫ С УКАЗАТЕЛЯМИ,https://iremember.ru,200,text/html,requests+bs4,HIGH,
16,ОЦИФРОВАННЫЕ КНИГИ И МЕМУАРЫ С УКАЗАТЕЛЯМИ,http://militera.lib.ru/memo/russian/zhukov1/index.html,404,text/html,dead,HIGH,
16,ОЦИФРОВАННЫЕ КНИГИ И МЕМУАРЫ С УКАЗАТЕЛЯМИ,http://militera.lib.ru/memo/russian/rokossovsky/index.html,200,text/html,requests+bs4,HIGH,
16,ОЦИФРОВАННЫЕ КНИГИ И МЕМУАРЫ С УКАЗАТЕЛЯМИ,http://militera.lib.ru/memo/russian/vasilevsky/index.html,200,text/html,requests+bs4,HIGH,
16,ОЦИФРОВАННЫЕ КНИГИ И МЕМУАРЫ С УКАЗАТЕЛЯМИ,http://militera.lib.ru/memo/russian/konev/index.html,200,text/html,requests+bs4,HIGH,
16,ОЦИФРОВАННЫЕ КНИГИ И МЕМУАРЫ С УКАЗАТЕЛЯМИ,http://militera.lib.ru/memo/russian/bagramyan1/index.html,200,text/html,requests+bs4,HIGH,
16,ОЦИФРОВАННЫЕ КНИГИ И МЕМУАРЫ С УКАЗАТЕЛЯМИ,http://militera.lib.ru/memo/russian/chuikov_vi/index.html,404,text/html,dead,HIGH,
16,ОЦИФРОВАННЫЕ КНИГИ И МЕМУАРЫ С УКАЗАТЕЛЯМИ,http://militera.lib.ru/memo/russian/rotmistrov/index.html,404,text/html,dead,HIGH,
16,ОЦИФРОВАННЫЕ КНИГИ И МЕМУАРЫ С УКАЗАТЕЛЯМИ,http://militera.lib.ru/memo/russian/shtemenko1/index.html,404,text/html,dead,HIGH,
16,ОЦИФРОВАННЫЕ КНИГИ И МЕМУАРЫ С УКАЗАТЕЛЯМИ,http://militera.lib.ru/h/svechin/index.html,404,text/html,dead,HIGH,
16,ОЦИФРОВАННЫЕ КНИГИ И МЕМУАРЫ С УКАЗАТЕЛЯМИ,http://militera.lib.ru/h/glantz_dm/index.html,404,text/html,dead,HIGH,
16,ОЦИФРОВАННЫЕ КНИГИ И МЕМУАРЫ С УКАЗАТЕЛЯМИ,http://militera.lib.ru/enc/enc_vov1985/index.html,200,text/html,requests+bs4,HIGH,
